title,company,location,salury,required skils,date
"Développeur Web
nouveau",Genious Communications,Marrakech,Not Provided,,Aujourd'hui
Community manager et Chargé(e) de communication,METHODIK,Not Provided,8 000 DH - 10 000 DH par mois,,il y a 12 jours
"Responsable communication & marketing / community
nouveau",Not Provided,Marrakech,Not Provided,,Aujourd'hui
"Developpeur Web (Symfony/Wordpress)
nouveau",IM Creation,Marrakech,Not Provided,,il y a 4 jours
"Developpeur web (symfony/wordpress)
nouveau",Not Provided,Marrakech,Not Provided,,il y a 6 jours
"Assistant(Es) RH Débutant(Es)
nouveau",Not Provided,Marrakech,Not Provided,,il y a 2 jours
Recrute freelance développeur web,Not Provided,Marrakech,Not Provided,,il y a 14 jours
"ASSISTANT RH (H/F)
nouveau",PYRAMID PARTNERS,Marrakech,2 000 DH - 3 000 DH par mois,,il y a 4 jours
"Technicien de site web
nouveau",Not Provided,Marrakech,Not Provided,,il y a 6 jours
Développeur web front-end (intégrateur),Not Provided,Marrakech,Not Provided,,Il y a plus de 30 jours
Stagiaires développeurs web,Not Provided,Marrakech,Not Provided,,Il y a plus de 30 jours
Développeur web & application mobile,Not Provided,Marrakech,Not Provided,,il y a 18 jours
Traducteur anglophone des sites web,Not Provided,Marrakech,Not Provided,,Il y a plus de 30 jours
Développeur Django/Web full stack - Emploi stable,PVTNET,Marrakech,Not Provided,,il y a 16 jours
Développeurs web,Not Provided,Marrakech,Not Provided,,Il y a plus de 30 jours
